<?xml version="1.0" ?>
<LOG_ROOT>
	<PROJECT NAME="SOPC_edge">
		<CBX_INST_ENTRY INSTANCE_NAME="|Video_Edge_Detection|SOPC_Video:NiosVideo|SOPC_Video_video_bayer_resampler:video_bayer_resampler|altshift_taps:bayern_pattern_shift_reg" CBX_FILE_NAME="shift_taps_tor.tdf"/>
		<CBX_INST_ENTRY INSTANCE_NAME="|Video_Edge_Detection|SOPC_Video:NiosVideo|fpoint_wrapper:nios_custom_instr_floating_point_0|fpoint_qsys:fpoint_instance|fpoint_qsys_addsub_single:the_fp_addsub|lpm_add_sub:add_sub4" CBX_FILE_NAME="add_sub_nqe.tdf"/>
		<CBX_INST_ENTRY INSTANCE_NAME="|Video_Edge_Detection|SOPC_Video:NiosVideo|fpoint_wrapper:nios_custom_instr_floating_point_0|fpoint_qsys:fpoint_instance|fpoint_qsys_addsub_single:the_fp_addsub|lpm_compare:trailing_zeros_limit_comparator" CBX_FILE_NAME="cmpr_aag.tdf"/>
		<CBX_INST_ENTRY INSTANCE_NAME="|Video_Edge_Detection|SOPC_Video:NiosVideo|SOPC_Video_jtag_uart_0:jtag_uart_0|SOPC_Video_jtag_uart_0_scfifo_w:the_SOPC_Video_jtag_uart_0_scfifo_w|scfifo:wfifo" CBX_FILE_NAME="scfifo_1n21.tdf"/>
		<CBX_INST_ENTRY INSTANCE_NAME="|Video_Edge_Detection|SOPC_Video:NiosVideo|fpoint_wrapper:nios_custom_instr_floating_point_0|fpoint_qsys:fpoint_instance|fpoint_qsys_addsub_single:the_fp_addsub|lpm_add_sub:add_sub5" CBX_FILE_NAME="add_sub_unh.tdf"/>
		<CBX_INST_ENTRY INSTANCE_NAME="|Video_Edge_Detection|SOPC_Video:NiosVideo|fpoint_wrapper:nios_custom_instr_floating_point_0|fpoint_qsys:fpoint_instance|fpoint_qsys_addsub_single:the_fp_addsub|lpm_add_sub:man_res_rounding_add_sub_upper1" CBX_FILE_NAME="add_sub_6jf.tdf"/>
		<CBX_INST_ENTRY INSTANCE_NAME="|Video_Edge_Detection|SOPC_Video:NiosVideo|SOPC_Video_Onchip_Memory:onchip_memory|altsyncram:the_altsyncram" CBX_FILE_NAME="altsyncram_i2d1.tdf"/>
		<CBX_INST_ENTRY INSTANCE_NAME="|Video_Edge_Detection|SOPC_Video:NiosVideo|SOPC_Video_Pixel_Buffer_DMA:pixel_buffer_dma|scfifo:Image_Buffer" CBX_FILE_NAME="scfifo_vv91.tdf"/>
		<CBX_INST_ENTRY INSTANCE_NAME="|Video_Edge_Detection|SOPC_Video:NiosVideo|SOPC_Video_jtag_uart_0:jtag_uart_0|SOPC_Video_jtag_uart_0_scfifo_r:the_SOPC_Video_jtag_uart_0_scfifo_r|scfifo:rfifo" CBX_FILE_NAME="scfifo_1n21.tdf"/>
		<CBX_INST_ENTRY INSTANCE_NAME="|Video_Edge_Detection|SOPC_Video:NiosVideo|fpoint_wrapper:nios_custom_instr_floating_point_0|fpoint_qsys:fpoint_instance|fpoint_qsys_addsub_single:the_fp_addsub|lpm_add_sub:add_sub6" CBX_FILE_NAME="add_sub_nqe.tdf"/>
		<CBX_INST_ENTRY INSTANCE_NAME="|Video_Edge_Detection|SOPC_Video:NiosVideo|fpoint_wrapper:nios_custom_instr_floating_point_0|fpoint_qsys:fpoint_instance|fpoint_qsys_addsub_single:the_fp_addsub|lpm_add_sub:man_2comp_res_upper0" CBX_FILE_NAME="add_sub_32h.tdf"/>
		<CBX_INST_ENTRY INSTANCE_NAME="|Video_Edge_Detection|SOPC_Video:NiosVideo|fpoint_wrapper:nios_custom_instr_floating_point_0|fpoint_qsys:fpoint_instance|fpoint_qsys_addsub_single:the_fp_addsub|lpm_add_sub:man_add_sub_upper0" CBX_FILE_NAME="add_sub_32h.tdf"/>
		<CBX_INST_ENTRY INSTANCE_NAME="|Video_Edge_Detection|SOPC_Video:NiosVideo|fpoint_wrapper:nios_custom_instr_floating_point_0|fpoint_qsys:fpoint_instance|fpoint_qsys_mult_single:the_fp_mult|lpm_add_sub:exp_adj_adder" CBX_FILE_NAME="add_sub_r3c.tdf"/>
		<CBX_INST_ENTRY INSTANCE_NAME="|Video_Edge_Detection|SOPC_Video:NiosVideo|fpoint_wrapper:nios_custom_instr_floating_point_0|fpoint_qsys:fpoint_instance|fpoint_qsys_mult_single:the_fp_mult|lpm_add_sub:exp_bias_subtr" CBX_FILE_NAME="add_sub_egg.tdf"/>
		<CBX_INST_ENTRY INSTANCE_NAME="|Video_Edge_Detection|SOPC_Video:NiosVideo|fpoint_wrapper:nios_custom_instr_floating_point_0|fpoint_qsys:fpoint_instance|fpoint_qsys_mult_single:the_fp_mult|lpm_add_sub:man_round_adder" CBX_FILE_NAME="add_sub_7pb.tdf"/>
		<CBX_INST_ENTRY INSTANCE_NAME="|Video_Edge_Detection|SOPC_Video:NiosVideo|fpoint_wrapper:nios_custom_instr_floating_point_0|fpoint_qsys:fpoint_instance|fpoint_qsys_addsub_single:the_fp_addsub|lpm_add_sub:man_2comp_res_upper1" CBX_FILE_NAME="add_sub_32h.tdf"/>
		<CBX_INST_ENTRY INSTANCE_NAME="|Video_Edge_Detection|SOPC_Video:NiosVideo|fpoint_wrapper:nios_custom_instr_floating_point_0|fpoint_qsys:fpoint_instance|fpoint_qsys_addsub_single:the_fp_addsub|lpm_add_sub:man_add_sub_upper1" CBX_FILE_NAME="add_sub_32h.tdf"/>
		<CBX_INST_ENTRY INSTANCE_NAME="|Video_Edge_Detection|SOPC_Video:NiosVideo|SOPC_Video_Dual_Clock_FIFO:dual_clock_fifo|dcfifo:Data_FIFO" CBX_FILE_NAME="dcfifo_5oj1.tdf"/>
		<CBX_INST_ENTRY INSTANCE_NAME="|Video_Edge_Detection|SOPC_Video:NiosVideo|SOPC_Video_Video_In_Decoder:video_in_decoder|altera_up_video_dual_clock_fifo:Video_In_Dual_Clock_FIFO|dcfifo:dcfifo_component" CBX_FILE_NAME="dcfifo_12l1.tdf"/>
		<CBX_INST_ENTRY INSTANCE_NAME="|Video_Edge_Detection|SOPC_Video:NiosVideo|fpoint_wrapper:nios_custom_instr_floating_point_0|fpoint_qsys:fpoint_instance|fpoint_qsys_mult_single:the_fp_mult|lpm_add_sub:exp_add_adder" CBX_FILE_NAME="add_sub_fjd.tdf"/>
		<CBX_INST_ENTRY INSTANCE_NAME="|Video_Edge_Detection|SOPC_Video:NiosVideo|Altera_UP_SD_Card_Avalon_Interface:altera_up_sd_card_avalon_interface_0|Altera_UP_SD_Card_Interface:SD_Card_Port|Altera_UP_SD_Card_Buffer:data_line|Altera_UP_SD_Card_Memory_Block:packet_memory|altsyncram:altsyncram_component" CBX_FILE_NAME="altsyncram_7n92.tdf"/>
		<CBX_INST_ENTRY INSTANCE_NAME="|Video_Edge_Detection|SOPC_Video:NiosVideo|SOPC_Video_CPU:cpu|SOPC_Video_CPU_register_bank_a_module:SOPC_Video_CPU_register_bank_a|altsyncram:the_altsyncram" CBX_FILE_NAME="altsyncram_qag1.tdf"/>
		<CBX_INST_ENTRY INSTANCE_NAME="|Video_Edge_Detection|SOPC_Video:NiosVideo|fpoint_wrapper:nios_custom_instr_floating_point_0|fpoint_qsys:fpoint_instance|fpoint_qsys_addsub_single:the_fp_addsub|lpm_add_sub:add_sub1" CBX_FILE_NAME="add_sub_voh.tdf"/>
		<CBX_INST_ENTRY INSTANCE_NAME="|Video_Edge_Detection|SOPC_Video:NiosVideo|fpoint_wrapper:nios_custom_instr_floating_point_0|fpoint_qsys:fpoint_instance|fpoint_qsys_addsub_single:the_fp_addsub|lpm_add_sub:man_res_rounding_add_sub_lower" CBX_FILE_NAME="add_sub_taf.tdf"/>
		<CBX_INST_ENTRY INSTANCE_NAME="|Video_Edge_Detection|SOPC_Video:NiosVideo|fpoint_wrapper:nios_custom_instr_floating_point_0|fpoint_qsys:fpoint_instance|fpoint_qsys_addsub_single:the_fp_addsub|lpm_add_sub:add_sub2" CBX_FILE_NAME="add_sub_voh.tdf"/>
		<CBX_INST_ENTRY INSTANCE_NAME="|Video_Edge_Detection|SOPC_Video:NiosVideo|SOPC_Video_CPU:cpu|SOPC_Video_CPU_nios2_oci:the_SOPC_Video_CPU_nios2_oci|SOPC_Video_CPU_nios2_ocimem:the_SOPC_Video_CPU_nios2_ocimem|SOPC_Video_CPU_ociram_sp_ram_module:SOPC_Video_CPU_ociram_sp_ram|altsyncram:the_altsyncram" CBX_FILE_NAME="altsyncram_un71.tdf"/>
		<CBX_INST_ENTRY INSTANCE_NAME="|Video_Edge_Detection|SOPC_Video:NiosVideo|SOPC_Video_CPU:cpu|SOPC_Video_CPU_register_bank_b_module:SOPC_Video_CPU_register_bank_b|altsyncram:the_altsyncram" CBX_FILE_NAME="altsyncram_rag1.tdf"/>
		<CBX_INST_ENTRY INSTANCE_NAME="|Video_Edge_Detection|SOPC_Video:NiosVideo|fpoint_wrapper:nios_custom_instr_floating_point_0|fpoint_qsys:fpoint_instance|fpoint_qsys_addsub_single:the_fp_addsub|lpm_add_sub:add_sub3" CBX_FILE_NAME="add_sub_lre.tdf"/>
		<CBX_INST_ENTRY INSTANCE_NAME="|Video_Edge_Detection|SOPC_Video:NiosVideo|fpoint_wrapper:nios_custom_instr_floating_point_0|fpoint_qsys:fpoint_instance|fpoint_qsys_addsub_single:the_fp_addsub|lpm_add_sub:man_2comp_res_lower" CBX_FILE_NAME="add_sub_ugh.tdf"/>
		<CBX_INST_ENTRY INSTANCE_NAME="|Video_Edge_Detection|SOPC_Video:NiosVideo|fpoint_wrapper:nios_custom_instr_floating_point_0|fpoint_qsys:fpoint_instance|fpoint_qsys_addsub_single:the_fp_addsub|lpm_add_sub:man_add_sub_lower" CBX_FILE_NAME="add_sub_ugh.tdf"/>
		<CBX_INST_ENTRY INSTANCE_NAME="|Video_Edge_Detection|SOPC_Video:NiosVideo|fpoint_wrapper:nios_custom_instr_floating_point_0|fpoint_qsys:fpoint_instance|fpoint_qsys_mult_single:the_fp_mult|lpm_mult:man_product2_mult" CBX_FILE_NAME="mult_5ft.tdf"/>
	</PROJECT>
</LOG_ROOT>
