<?xml version="1.0" encoding="UTF-8"?>
<preferences>
 <debug showDebugMenu="0" />
 <systemtable filter="Default">
  <columns>
   <connections preferredWidth="399" />
   <irq preferredWidth="34" />
  </columns>
 </systemtable>
 <clocktable>
  <columns>
   <clockname preferredWidth="271" />
   <clocksource preferredWidth="270" />
   <frequency preferredWidth="251" />
  </columns>
 </clocktable>
 <window width="1100" height="756" x="0" y="0" />
 <library expandedCategories="Project/MIPO,Project,Library" />
</preferences>
